{
  "nb": {
    "best_params": {
      "alpha": 0.01
    },
    "accuracy": 0.9379310344827586,
    "precision_weighted": 0.9437368214288578,
    "recall_weighted": 0.9379310344827586,
    "f1_weighted": 0.9403376892035605,
    "f1_macro": 0.8162230671736375,
    "balanced_accuracy": 0.8435080809452669,
    "log_loss": 0.17645433108882985
  },
  "svm": {
    "best_params": {
      "C": 2
    },
    "accuracy": 0.9540229885057471,
    "precision_weighted": 0.9513522542465592,
    "recall_weighted": 0.9540229885057471,
    "f1_weighted": 0.9521665747733439,
    "f1_macro": 0.8404723485404137,
    "balanced_accuracy": 0.815530354475078,
    "hinge_loss": 0.15588036456700186
  },
  "tfidf_vocab_size": 5123,
  "smote": true
}